<?xml version="1.0"?>
<!--
/**
 * Copyright Â© Magento, Inc. All rights reserved.
 * See COPYING.txt for license details.
 */
-->
<config xmlns:xsi="http://www.w3.org/2001/XMLSchema-instance" xsi:noNamespaceSchemaLocation="urn:magento:framework:Event/etc/events.xsd">
    <!--<event name="layout_generate_blocks_after">
        <observer name="block_tree_make" instance="Mygento\Tool\Observer\BlockTreeMake" />
    </event>-->

    <event name="core_layout_render_element">
        <observer name="block_tree_make" instance="Mygento\Tool\Observer\PrepareLayoutTreeMake" />
    </event>
    <event name="controller_front_send_response_before">
        <observer name="block_tree_make" instance="Mygento\Tool\Observer\LayoutTreeMake" />
    </event>
</config>
