<?xml version="1.0"?>
<!--
  ~ ScandiPWA - Progressive Web App for Magento
  ~
  ~ Copyright © Scandiweb, Inc. All rights reserved.
  ~ See LICENSE for license details.
  ~
  ~ @license OSL-3.0 (Open Software License ("OSL") v. 3.0)
  ~ @package scandipwa/braintree-graphql
  ~ @link https://github.com/scandipwa/braintree-graphql
  -->

<config xmlns:xsi="http://www.w3.org/2001/XMLSchema-instance" xsi:noNamespaceSchemaLocation="urn:magento:framework:ObjectManager/etc/config.xsd">
    <type name="Magento\StoreGraphQl\Model\Resolver\Store\StoreConfigDataProvider">
        <arguments>
            <argument name="extendedConfigData" xsi:type="array">
                <item name="braintree_cc_vault" xsi:type="string">payment/braintree_cc_vault/active</item>
            </argument>
        </arguments>
    </type>
</config>
