<?xml version="1.0" encoding="UTF-8"?>
<csp_whitelist xmlns:xsi="http://www.w3.org/2001/XMLSchema-instance" 	xsi:noNamespaceSchemaLocation="urn:magento:module:Magento_Csp:etc/csp_whitelist.xsd">
    <policies>
        <policy id="script-src">
            <values>
                <value id="revolut_js" type="host">*.revolut.com</value>
            </values>
        </policy>
        <policy id="frame-src">
            <values>
                <value id="revolut_src_frame" type="host">*.revolut.com</value>
            </values>
        </policy>
    </policies>
</csp_whitelist>
