<?xml version="1.0"?>
<config xmlns:xsi="http://www.w3.org/2001/XMLSchema-instance" xsi:noNamespaceSchemaLocation="urn:magento:framework:ObjectManager/etc/config.xsd">
    <!--  API create Revolut Order  -->
    <preference for="Revolut\Payment\Api\CreateOrderInterface"
                type="Revolut\Payment\Model\Api\CreateOrder" />

    <type name="Revolut\Payment\Helper\Handler">
        <arguments>
            <argument name="filesystem" xsi:type="object">Magento\Framework\Filesystem\Driver\File</argument>
        </arguments>
    </type>

    <type name="Revolut\Payment\Helper\Logger">
        <arguments>
            <argument name="name" xsi:type="string">RevolutLogger</argument>
            <argument name="handlers" xsi:type="array">
                <item name="system" xsi:type="object">Revolut\Payment\Helper\Handler</item>
            </argument>
        </arguments>
    </type>

    <type name="Magento\Framework\View\Asset\Minification">
        <plugin name="preventMinRevolutJsFile" type="Revolut\Payment\Plugin\View\PreventMinJs" />
    </type>
</config>
