<?xml version="1.0"?>
<config xmlns:xsi="http://www.w3.org/2001/XMLSchema-instance" xsi:noNamespaceSchemaLocation="urn:magento:framework:Acl/etc/acl.xsd">
    <acl>
        <resources>
            <resource id="Magento_Backend::admin">
                <resource id="Magento_Backend::system">
                    <resource id="Xtento_XtCore::extensions">
                        <resource id="Xtento_PdfCustomizer::configuration" title="PDF Customizer" sortOrder="30"/>
                    </resource>
                </resource>
                <resource id="Magento_Backend::stores">
                    <resource id="Xtento_PdfCustomizer::menu" title="XTENTO PDF Customizer" sortOrder="1000">
                        <resource id="Xtento_PdfCustomizer::templates" title="Manage PDF Templates" sortOrder="5"/>
                    </resource>
                </resource>
            </resource>
        </resources>
    </acl>
</config>
<!--
/**
 * Product:       Xtento_PdfCustomizer
 * ID:            JbKFcovWrLbTlFqeiEbUALxFYbQI/l6cHxhvVKZ5hc8=
 * Last Modified: 2019-02-05T17:13:45+00:00
 * File:          app/code/Xtento/PdfCustomizer/etc/acl.xml
 * Copyright:     Copyright (c) XTENTO GmbH & Co. KG <info@xtento.com> / All rights reserved.
 */
-->