<?xml version="1.0"?>
<config xmlns:xsi="http://www.w3.org/2001/XMLSchema-instance" xsi:noNamespaceSchemaLocation="urn:magento:module:Magento_Config:etc/system_file.xsd">
    <system>
        <tab id="meetanshi" translate="label" class="meetanshi" sortOrder="100">
            <label></label>
        </tab>
        <section id="facebook_shop" translate="label" sortOrder="130" showInDefault="1" showInWebsite="1" showInStore="1">
            <class>separator-top</class>
            <label>Facebook Store Integration</label>
            <tab>meetanshi</tab>
            <resource>Meetanshi_FaceBookShop::facebookshop_config</resource>
            <group id="general" translate="label" type="text" sortOrder="10" showInDefault="1" showInWebsite="1" showInStore="1">
                <label>Configuration</label>

                <field id="generate" translate="label" type="button" sortOrder="20" showInDefault="1" showInWebsite="1" showInStore="1">
                    <label>Generate CSV Manually</label>
                    <frontend_model>Meetanshi\FaceBookShop\Block\System\Config\Button</frontend_model>
                </field>

                <field id="add_all_products" translate="label" type="select" sortOrder="22" showInDefault="1" showInWebsite="1" showInStore="1">
                    <label>Add All Product(s) While CSV Generation</label>
                    <source_model>Magento\Config\Model\Config\Source\Yesno</source_model>
                    <comment><![CDATA[Set NO to add products in CSV based on product attribute based setting.]]></comment>
                </field>

                <field id="is_store_specific" translate="label" type="select" sortOrder="24" showInDefault="1" showInWebsite="0" showInStore="0">
                    <label>Generate Store Specific CSV</label>
                    <source_model>Magento\Config\Model\Config\Source\Yesno</source_model>
                    <comment><![CDATA[A separate CSV will be generated for all the stores selected above. Default CSV is generated based on the product attribute or product collection.]]></comment>
                </field>
                <field id="store_view" translate="label" type="multiselect" sortOrder="25" showInDefault="1" showInWebsite="0" showInStore="0">
                    <label>Store View</label>
                    <source_model>Magento\Store\Model\System\Store</source_model>
                    <comment><![CDATA[Select stores to generate store specific csv. Default Csv is generate product attribute base or product collection.]]></comment>
                    <depends>
                        <field id="is_store_specific">1</field>
                    </depends>
                </field>

                <field id="enable_schedule" translate="label" type="select" sortOrder="30" showInDefault="1" showInWebsite="1" showInStore="1">
                    <label>Schedule Periodic CSV Generation</label>
                    <source_model>Magento\Config\Model\Config\Source\Yesno</source_model>
                </field>

                <field id="frequency" translate="label" type="select" sortOrder="40" showInDefault="1" showInWebsite="1" showInStore="1">
                    <label>Frequency</label>
                    <depends>
                        <field id="enable_schedule">1</field>
                    </depends>
                    <source_model>Meetanshi\FaceBookShop\Model\Config\Source\Frequency</source_model>
                </field>

                <field id="time" translate="label" type="time" sortOrder="50" showInDefault="1" showInWebsite="1" showInStore="1">
                    <label>Start Time</label>
                    <depends>
                        <field id="enable_schedule">1</field>
                        <field id="frequency" separator=",">monthly,weekly,daily</field>
                    </depends>
                    <comment><![CDATA[Start time is considered based on the server time.Don't forget to schedule cron to periodically generate CSV.]]></comment>
                </field>

                <field id="remove_outofstock_product" translate="label" type="select" sortOrder="60" showInDefault="1" showInWebsite="1" showInStore="1">
                    <label>Remove Out of stock Product from CSV</label>
                    <source_model>Magento\Config\Model\Config\Source\Yesno</source_model>
                </field>

                <field id="apply_catalog_rules" translate="label" type="select" sortOrder="70" showInDefault="1" showInWebsite="1" showInStore="1">
                    <label>Apply Catalog Rules on Product Price</label>
                    <source_model>Magento\Config\Model\Config\Source\Yesno</source_model>
                </field>

                <field id="remove_pub" translate="label" type="select" sortOrder="90" showInDefault="1" showInWebsite="1" showInStore="1">
                    <label>Remove Pub/ from Media URL</label>
                    <source_model>Magento\Config\Model\Config\Source\Yesno</source_model>
                    <comment><![CDATA[URL with Pub: https://www.abc.com/pub/media/catalog/product/a/b/ab.jpg <br>
                                      URL without Pub: https://www.abc.com/media/catalog/product/a/b/ab.jpg]]></comment>
                </field>

                <field id="product_url" translate="label" type="select" sortOrder="100" showInDefault="1" showInWebsite="1" showInStore="1">
                    <label>Facebook Add to Cart Redirection to Product Page</label>
                    <source_model>Magento\Config\Model\Config\Source\Yesno</source_model>
                    <comment><![CDATA[If set to No, customers will be redirected to the checkout page when a product is added to cart from Facebook.]]></comment>
                </field>

                <field id="price_with_tax" translate="label" type="select" sortOrder="110" showInDefault="1" showInWebsite="1" showInStore="1">
                    <label>Show Product Price with Tax/VAT in Facebook Shop</label>
                    <source_model>Magento\Config\Model\Config\Source\Yesno</source_model>
                </field>

                <field id="add_sales_price" translate="label" type="select" sortOrder="120" showInDefault="1" showInWebsite="1" showInStore="1">
                    <label>Show Product Special Price in Facebook Shop</label>
                    <source_model>Magento\Config\Model\Config\Source\Yesno</source_model>
                </field>

                <field id="note_comment" translate="label" type="label" sortOrder="200" showInDefault="1" showInWebsite="1" showInStore="1">
                    <label>Note : </label>
                    <comment><![CDATA[Set the category based on the <a href="https://support.google.com/merchants/answer/6324436" target="_blank">Google product taxonomy.</a> <br>
<a href="https://developers.facebook.com/docs/marketing-api/catalog/reference" target="_blank">Facebook Reference - Catalog</a>]]></comment>
                </field>
            </group>
        </section>
    </system>
</config>