<?xml version="1.0"?>

<include xmlns:xsi="http://www.w3.org/2001/XMLSchema-instance"
         xsi:noNamespaceSchemaLocation="urn:magento:module:Magento_Config:etc/system_include.xsd">
    <group id="revolut_required" translate="label comment" type="text" sortOrder="50" showInDefault="1" showInWebsite="1" showInStore="1">
        <label><![CDATA[Required Settings]]></label>
        <field id="mode" translate="label" type="select" sortOrder="10" showInDefault="1" showInWebsite="1" showInStore="1">
            <label>Select Mode</label>
            <source_model>Revolut\Payment\Model\Source\Mode</source_model>
            <config_path>payment/revolut_required/mode</config_path>
        </field>
        <!--    Config for sandbox mode    -->
        <field id="api_key_sandbox" translate="label" type="obscure" sortOrder="30" showInDefault="1" showInWebsite="1" showInStore="1">
            <label>API Key Sandbox</label>
            <config_path>payment/revolut_required/api_key_sandbox</config_path>
            <backend_model>Magento\Config\Model\Config\Backend\Encrypted</backend_model>
            <depends>
                <field id="mode">1</field>
            </depends>
        </field>
        <!--    Config for product mode    -->
        <field id="api_key" translate="label" type="obscure" sortOrder="30" showInDefault="1" showInWebsite="1" showInStore="1">
            <label>API Key</label>
            <config_path>payment/revolut_required/api_key</config_path>
            <backend_model>Magento\Config\Model\Config\Backend\Encrypted</backend_model>
            <depends>
                <field id="mode">0</field>
            </depends>
        </field>

        <field id="webhook_config_sandbox" translate="label" type="button" sortOrder="60" showInDefault="1" showInWebsite="1" showInStore="1">
            <label>Setup Webhook(Sandbox)</label>
            <frontend_model>Revolut\Payment\Block\System\Config\WebhookSandbox</frontend_model>
            <depends>
                <field id="mode">1</field>
            </depends>
            <comment>Setup the Webhook to sync your Magento orders when an order is completed on Revolut's side</comment>
        </field>

        <field id="webhook_config" translate="label" type="button" sortOrder="60" showInDefault="1" showInWebsite="1" showInStore="1">
            <label>Setup Webhook(Live)</label>
            <frontend_model>Revolut\Payment\Block\System\Config\Webhook</frontend_model>
            <depends>
                <field id="mode">0</field>
            </depends>
            <comment>Setup the Webhook to sync your Magento orders when an order is completed on Revolut's side</comment>
        </field>
    </group>
</include>
