<?xml version="1.0"?>

<include xmlns:xsi="http://www.w3.org/2001/XMLSchema-instance"
         xsi:noNamespaceSchemaLocation="urn:magento:module:Magento_Config:etc/system_include.xsd">
    <group id="revolut_form" translate="label comment" type="text" sortOrder="50" showInDefault="1" showInWebsite="1" showInStore="1">
        <label>Additional Settings</label>
        <field id="active" translate="label" type="select" sortOrder="1" showInDefault="1" showInWebsite="1" showInStore="1">
            <label>Enabled plugin?</label>
            <source_model>Magento\Config\Model\Config\Source\Yesno</source_model>
            <config_path>payment/revolut_form/active</config_path>
        </field>
        <field id="title" translate="label" type="text" sortOrder="30" showInDefault="1" showInWebsite="1" showInStore="1">
            <label>Title</label>
            <config_path>payment/revolut_form/title</config_path>
        </field>
        <field id="payment_action" translate="label" type="select" sortOrder="40" showInDefault="1" showInWebsite="1" showInStore="1">
            <label>Payment Action</label>
            <source_model>Revolut\Payment\Model\Source\PaymentAction</source_model>
            <config_path>payment/revolut_form/payment_action</config_path>
        </field>
        <field id="show_post_code" translate="label" type="select" sortOrder="40" showInDefault="1" showInWebsite="1" showInStore="1">
            <label>Always hide postcode</label>
            <source_model>Magento\Config\Model\Config\Source\Yesno</source_model>
            <config_path>payment/revolut_form/show_post_code</config_path>
            <comment>Prevent card form from asking the postcode automatically based on the country of the card. Select "No" if your checkout form does not collect an address with a Postcode.</comment>
        </field>
        <field id="allowspecific" translate="label" type="allowspecific" sortOrder="70" showInDefault="1" showInWebsite="1" showInStore="1">
            <label>Payment from Applicable Countries</label>
            <source_model>Magento\Payment\Model\Config\Source\Allspecificcountries</source_model>
            <config_path>payment/revolut_form/allowspecific</config_path>
        </field>
        <field id="specificcountry" translate="label" type="multiselect" sortOrder="80" showInDefault="1" showInWebsite="1" showInStore="1">
            <label>Payment from Specific Countries</label>
            <source_model>Magento\Directory\Model\Config\Source\Country</source_model>
            <config_path>payment/revolut_form/specificcountry</config_path>
        </field>
        <field id="order_status" translate="label" type="select" sortOrder="90" showInDefault="1" showInWebsite="1" showInStore="1">
            <label>New Order Status</label>
            <source_model>Revolut\Payment\Model\Source\NewOrderStatus</source_model>
            <config_path>payment/revolut_form/order_status</config_path>
        </field>
        <field id="sort_order" translate="label" type="text" sortOrder="100" showInDefault="1" showInWebsite="1" showInStore="1">
            <label>Sort Order</label>
            <validate>validate-number</validate>
            <config_path>payment/revolut_form/sort_order</config_path>
        </field>
        <field id="min_order_total" translate="label" type="text" sortOrder="110" showInDefault="1" showInWebsite="1" showInStore="1">
            <label>Minimum Order Total</label>
            <config_path>payment/revolut_form/min_order_total</config_path>
            <validate>validate-number</validate>
        </field>
        <field id="max_order_total" translate="label" type="text" sortOrder="120" showInDefault="1" showInWebsite="1" showInStore="1">
            <label>Maximum Order Total</label>
            <config_path>payment/revolut_form/max_order_total</config_path>
            <validate>validate-number</validate>
        </field>
    </group>
</include>
