<?xml version="1.0" encoding="UTF-8"?>
<!--
 /**
  * Copyright © Magento, Inc. All rights reserved.
  * See COPYING.txt for license details.
  */
-->
<config xmlns:xsi="http://www.w3.org/2001/XMLSchema-instance" xsi:noNamespaceSchemaLocation="urn:magento:framework:ObjectManager/etc/config.xsd">
    <type name="ScandiPWA\QuoteGraphQl\Model\Resolver\SetPaymentMethodOnCart">
        <plugin name="paypal_express_payment_method" type="Magento\PaypalGraphQl\Model\Plugin\Resolver\SetPaymentMethodOnCart"/>
    </type>
    <type name="Magento\StoreGraphQl\Model\Resolver\Store\StoreConfigDataProvider">
        <arguments>
            <argument name="extendedConfigData">
                <item name="paypal_sandbox_flag" xsi:type="string">paypal/wpp/sandbox_flag</item>
                <item name="paypal_client_id" xsi:type="string">paypal/wpp/client_id</item>
            </argument>
        </arguments>
    </type>
</config>
