<?xml version="1.0"?>
<!--
/**
 * Plumrocket Inc.
 *
 * NOTICE OF LICENSE
 *
 * This source file is subject to the End-user License Agreement
 * that is available through the world-wide-web at this URL:
 * http://wiki.plumrocket.net/wiki/EULA
 * If you are unable to obtain it through the world-wide-web, please
 * send an email to support@plumrocket.com so we can send you a copy immediately.
 *
 * @package     Plumrocket_SocialLoginFree
 * @copyright   Copyright (c) 2016 Plumrocket Inc. (http://www.plumrocket.com)
 * @license     http://wiki.plumrocket.net/wiki/EULA  End-user License Agreement
 */
-->
<config xmlns:xsi="http://www.w3.org/2001/XMLSchema-instance" xsi:noNamespaceSchemaLocation="urn:magento:framework:ObjectManager/etc/config.xsd">
    <type name="Magento\Customer\CustomerData\SectionPoolInterface">
        <arguments>
            <argument name="sectionSourceMap" xsi:type="array">
                <item name="pslogin" xsi:type="string">Plumrocket\SocialLoginFree\CustomerData\Customer</item>
            </argument>
        </arguments>
    </type>
    <type name="Plumrocket\AdvancedReviewAndReminder\Model\Provider\SocialButtons">
        <plugin name="addSocialButtons" type="\Plumrocket\SocialLoginFree\Plugin\AdvancedReviewAndReminder\Model\Provider\SocialButtonsPlugin" sortOrder="10" />
    </type>
    <type name="Plumrocket\AdvancedReviewAndReminder\Model\Provider\CustomerLogo">
        <plugin name="addSocialFreeLogo" type="Plumrocket\SocialLoginFree\Plugin\AdvancedReviewAndReminder\Model\Provider\CustomerLogoPlugin" sortOrder="10" />
    </type>
    <type name="Magento\Framework\View\Element\Message\MessageConfigurationsPool">
        <arguments>
            <argument name="configurationsMap" xsi:type="array">
                <item name="resetPasswordMessage" xsi:type="array">
                    <item name="renderer" xsi:type="const">\Magento\Framework\View\Element\Message\Renderer\BlockRenderer::CODE</item>
                    <item name="data" xsi:type="array">
                        <item name="template" xsi:type="string">Plumrocket_SocialLoginFree::messages/reset_password_message.phtml</item>
                    </item>
                </item>
            </argument>
        </arguments>
    </type>
    <type name="Magento\Framework\App\Request\CsrfValidator">
        <plugin name="psloginfree_csrf_validation" type="Plumrocket\SocialLoginFree\Plugin\Magento\CsrfValidatorPlugin" sortOrder="10" />
    </type>
</config>
