<?xml version="1.0"?>
<!--
/**
 * @category  ScandiPWA
 * @package   ScandiPWA_GraphQl
 * @author    Ivans Zuks <info@scandiweb.com>
 * @copyright Copyright (c) 2020 Scandiweb, Inc (https://scandiweb.com)
 * @license   http://opensource.org/licenses/OSL-3.0 The Open Software License 3.0 (OSL-3.0)
 */
-->
<config xmlns:xsi="http://www.w3.org/2001/XMLSchema-instance" xsi:noNamespaceSchemaLocation="urn:magento:framework:ObjectManager/etc/config.xsd">
    <type name="Magento\QuoteGraphQl\Model\Cart\Payment\AdditionalDataProviderPool">
        <arguments>
            <argument name="dataProviders" xsi:type="array">
                <item name="adyen_cc" xsi:type="object">ScandiPWA\AdyenGraphQl\Model\AdyenDataProvider</item>
            </argument>
        </arguments>
    </type>
</config>
