<config xmlns:xsi="http://www.w3.org/2001/XMLSchema-instance" xsi:noNamespaceSchemaLocation="urn:magento:module:Magento_Config:etc/system_file.xsd">
    <system>
        <section id="payment">
            <group id="revolut_payment" translate="label" type="text" sortOrder="10" showInDefault="1" showInWebsite="1" showInStore="1">
                <label>
                    <![CDATA[
                        <div class="revolut-payment-logo"></div>
                        <div class="revolut-payment-byline">
                            <p>Accept card payments from your customers quickly and securely.</p>
                            <p>To read more about what you can do and how to configure this extension,</p>
                            <p>please read our <a target="_blank" href="#">Documentation</a></p>
                        </div>
                    ]]>
                </label>
<!--                <field id="revoult_debug_download" type="text" translate="label comment" sortOrder="10" showInDefault="1" showInWebsite="1" showInStore="1">-->
<!--                    <frontend_model>Revolut\Payment\Block\Adminhtml\System\Config\Form\SimplepathConfig</frontend_model>-->
<!--                </field>-->
                <fieldset_css>complex revolut-payment-section</fieldset_css>
                <frontend_model>Revolut\Payment\Block\Adminhtml\System\Config\Fieldset\Payment</frontend_model>
                <include path="Revolut_Payment::system/revolut_required.xml"/>
                <include path="Revolut_Payment::system/revolut_payment.xml"/>
            </group>
        </section>
    </system>
</config>
