<config xmlns:xsi="http://www.w3.org/2001/XMLSchema-instance" xsi:noNamespaceSchemaLocation="urn:magento:framework:ObjectManager/etc/config.xsd">
    <type name="Magento\Payment\Model\CcGenericConfigProvider">
        <arguments>
            <argument name="revolut_form" xsi:type="array">
                <item name="revolut_payment" xsi:type="const">Revolut\Payment\Model\RevolutForm::CODE</item>
            </argument>
        </arguments>
    </type>
    <type name="Magento\Checkout\Model\CompositeConfigProvider">
        <arguments>
            <argument name="configProviders" xsi:type="array">
                <item name="revolut_payment_configprovider" xsi:type="object">Revolut\Payment\Model\Ui\ConfigProvider</item>
            </argument>
        </arguments>
    </type>
</config>
