<?xml version="1.0"?>
<!--
 * Plumrocket Inc.
 *
 * NOTICE OF LICENSE
 *
 * This source file is subject to the End-user License Agreement
 * that is available through the world-wide-web at this URL:
 * http://wiki.plumrocket.net/wiki/EULA
 * If you are unable to obtain it through the world-wide-web, please
 * send an email to support@plumrocket.com so we can send you a copy immediately.
 *
 * @package     Plumrocket Private Sales and Flash Sales v4.x.x
 * @copyright   Copyright (c) 2020 Plumrocket Inc. (http://www.plumrocket.com)
 * @license     http://wiki.plumrocket.net/wiki/EULA  End-user License Agreement
 -->

<config xmlns:xsi="http://www.w3.org/2001/XMLSchema-instance" xsi:noNamespaceSchemaLocation="urn:magento:framework:Acl/etc/acl.xsd">
    <acl>
        <resources>
            <resource id="Magento_Backend::admin">
                <resource id="Plumrocket_Base::elements">
                    <resource id="Plumrocket_PrivateSale::privatesale" title="Private Sales &amp; Flash Sales" sortOrder="9599884">
                        <resource id="Plumrocket_PrivateSale::manage_events" title="Manage Events" sortOrder="0" />
                        <resource id="Plumrocket_PrivateSale::event_homepages" title="Manage Event Homepages" sortOrder="10" />
                        <resource id="Plumrocket_PrivateSale::splashpage" title="Website Splash Page" sortOrder="20" />
                        <resource id="Plumrocket_PrivateSale::emailtemplate" title="Newsletter Templates" sortOrder="30" />
                    </resource>
                </resource>
                <resource id="Magento_Backend::stores">
                    <resource id="Magento_Backend::stores_settings">
                        <resource id="Magento_Config::config">
                            <resource id="Plumrocket_PrivateSale::config_privatesale" title="Private Sales &amp; Flash Sales" />
                        </resource>
                    </resource>
                </resource>
            </resource>
        </resources>
    </acl>
</config>
