<?xml version="1.0"?>
<!--
 * Plumrocket Inc.
 *
 * NOTICE OF LICENSE
 *
 * This source file is subject to the End-user License Agreement
 * that is available through the world-wide-web at this URL:
 * http://wiki.plumrocket.net/wiki/EULA
 * If you are unable to obtain it through the world-wide-web, please
 * send an email to support@plumrocket.com so we can send you a copy immediately.
 *
 * @package     Plumrocket Private Sales and Flash Sales
 * @copyright   Copyright (c) 2020 Plumrocket Inc. (http://www.plumrocket.com)
 * @license     http://wiki.plumrocket.net/wiki/EULA  End-user License Agreement
 -->

<config xmlns:xsi="http://www.w3.org/2001/XMLSchema-instance" xsi:noNamespaceSchemaLocation="urn:magento:module:Magento_Cron:etc/crontab.xsd">
    <group id="default">
        <job name="privatesales_refresh_product_price" instance="Plumrocket\PrivateSale\Cron\RefreshProductPrice" method="execute">
            <schedule>*/1 * * * *</schedule>
        </job>
        <job name="pr_private_sales_recalculate_statistic" instance="Plumrocket\PrivateSale\Cron\RecalculateEventStatistic" method="execute">
            <schedule>*/10 * * * *</schedule>
        </job>
    </group>
</config>
