<?xml version="1.0"?>
<!--
 * Plumrocket Inc.
 *
 * NOTICE OF LICENSE
 *
 * This source file is subject to the End-user License Agreement
 * that is available through the world-wide-web at this URL:
 * http://wiki.plumrocket.net/wiki/EULA
 * If you are unable to obtain it through the world-wide-web, please
 * send an email to support@plumrocket.com so we can send you a copy immediately.
 *
 * @package     Plumrocket_PrivateSale
 * @copyright   Copyright (c) 2020 Plumrocket Inc. (http://www.plumrocket.com)
 * @license     http://wiki.plumrocket.net/wiki/EULA  End-user License Agreement
 -->
<config xmlns:xsi="http://www.w3.org/2001/XMLSchema-instance" xsi:noNamespaceSchemaLocation="urn:magento:framework:Indexer/etc/indexer.xsd">
    <indexer id="plumrocket_private_sale_catalog_event"
             view_id="plumrocket_private_sale_entity_to_event_index"
             class="Plumrocket\PrivateSale\Model\Indexer\EntityToEvent\Indexer"
    >
        <title translate="true">Catalog Events</title>
        <description translate="true">Plumrocket Private Sale - Events Index</description>
    </indexer>
    <indexer id="pr_private_sale_product_event" view_id="plumrocket_privatesale_product_event" class="Plumrocket\PrivateSale\Model\Indexer\Product">
        <title translate="true">Product Events</title>
        <description translate="true">Plumrocket Private Sale - Products to Events Index</description>
    </indexer>
</config>
