<?xml version="1.0"?>
<!--

 * Plumrocket Inc.
 *
 * NOTICE OF LICENSE
 *
 * This source file is subject to the End-user License Agreement
 * that is available through the world-wide-web at this URL:
 * http://wiki.plumrocket.net/wiki/EULA
 * If you are unable to obtain it through the world-wide-web, please
 * send an email to support@plumrocket.com so we can send you a copy immediately.
 *
 * @package     Plumrocket Private Sales and Flash Sales v4.x.x
 * @copyright   Copyright (c) 2020 Plumrocket Inc. (http://www.plumrocket.com)
 * @license     http://wiki.plumrocket.net/wiki/EULA  End-user License Agreement

 -->
<config xmlns:xsi="http://www.w3.org/2001/XMLSchema-instance" xsi:noNamespaceSchemaLocation="urn:magento:framework:Module/etc/module.xsd">
    <module name="Plumrocket_PrivateSale" setup_version="5.0.0" schema_version="5.0.0">
        <sequence>
            <module name="Plumrocket_Base"/>
            <module name="Magento_Eav"/>
            <module name="Magento_Catalog"/>
            <module name="Magento_Customer"/>
            <module name="Magento_ProductVideo"/>
        </sequence>
    </module>
</config>
