<?xml version="1.0" ?>
<!--
 * Plumrocket Inc.
 *
 * NOTICE OF LICENSE
 *
 * This source file is subject to the End-user License Agreement
 * that is available through the world-wide-web at this URL:
 * http://wiki.plumrocket.net/wiki/EULA
 * If you are unable to obtain it through the world-wide-web, please
 * send an email to support@plumrocket.com so we can send you a copy immediately.
 *
 * @package     Plumrocket Private Sales and Flash Sales v4.x.x
 * @copyright   Copyright (c) 2016 Plumrocket Inc. (http://www.plumrocket.com)
 * @license     http://wiki.plumrocket.net/wiki/EULA  End-user License Agreement
 */
 -->
<view xmlns:xsi="http://www.w3.org/2001/XMLSchema-instance" xsi:noNamespaceSchemaLocation="urn:magento:framework:Config/etc/view.xsd">
    <vars module="Plumrocket_PrivateSale">
        <var name="display_on_product_list">false</var>
    </vars>
    <exclude>
        <item type="file">Plumrocket_PrivateSale::js/lib/okvideo</item>
    </exclude>
</view>
