<?xml version="1.0"?>
<config xmlns:xsi="http://www.w3.org/2001/XMLSchema-instance" xsi:noNamespaceSchemaLocation="urn:magento:framework:Acl/etc/acl.xsd">
    <acl>
        <resources>
            <resource id="Magento_Backend::admin">
                <resource id="Meetanshi_FaceBookShop::facebook_shop" title="Facebook Shop">
                    <resource id="Meetanshi_FaceBookShop::facebookattribute" title="Facebook Attribute Mapping"/>
                    <resource id="Meetanshi_FaceBookShop::facebookreport" title="Facebook Attribute Mapping"/>
                    <resource id="Meetanshi_FaceBookShop::facebookshop_configuration" title="Configuration"/>
                </resource>
                <resource id="Magento_Backend::stores">
                    <resource id="Magento_Backend::stores_settings">
                        <resource id="Magento_Config::config">
                            <resource id="Meetanshi_FaceBookShop::facebookshop_config" title="Facebook Shop"/>
                        </resource>
                    </resource>
                </resource>
            </resource>
        </resources>
    </acl>
</config>