<?xml version="1.0"?>
<config xmlns:xsi="http://www.w3.org/2001/XMLSchema-instance" xsi:noNamespaceSchemaLocation="urn:magento:module:Magento_Cron:etc/crontab.xsd">
    <group id="default">
        <job instance="Meetanshi\FaceBookShop\Cron\GenerateCsv" method="execute" name="meetanshi_fbstore_csv">
            <schedule>* * * * *</schedule>
        </job>
        <job instance="Meetanshi\FaceBookShop\Cron\GenerateCsvHourly" method="execute" name="meetanshi_fbstore_csv_hrs">
            <schedule>0 * * * *</schedule>
        </job>
    </group>
</config>