<?xml version="1.0"?>
<config xmlns:xsi="http://www.w3.org/2001/XMLSchema-instance" xsi:noNamespaceSchemaLocation="urn:magento:framework:ObjectManager/etc/config.xsd">

    <type name="Magento\Framework\View\Element\UiComponent\DataProvider\CollectionFactory">
        <arguments>
            <argument name="collections" xsi:type="array">
                <item name="facebookshop_attribute_list_data_source" xsi:type="string">
                    Meetanshi\FaceBookShop\Model\ResourceModel\Facebookshop\Grid\Collection
                </item>
            </argument>
        </arguments>
    </type>

    <type name="Meetanshi\FaceBookShop\Model\ResourceModel\Facebookshop\Grid\Collection">
        <arguments>
            <argument name="mainTable" xsi:type="string">meetanshi_facebook_attribute</argument>
            <argument name="eventPrefix" xsi:type="string">facebook_attribute_collection</argument>
            <argument name="eventObject" xsi:type="string">facebook_attribute_collection</argument>
            <argument name="resourceModel" xsi:type="string">Meetanshi\FaceBookShop\Model\ResourceModel\Facebookshop
            </argument>
        </arguments>
    </type>

    <type name="Magento\Framework\View\Element\UiComponent\DataProvider\CollectionFactory">
        <arguments>
            <argument name="collections" xsi:type="array">
                <item name="facebookshop_report_list_data_source" xsi:type="string">
                    Meetanshi\FaceBookShop\Model\ResourceModel\Report\Grid\Collection
                </item>
            </argument>
        </arguments>
    </type>

    <type name="Meetanshi\FaceBookShop\Model\ResourceModel\Report\Grid\Collection">
        <arguments>
            <argument name="mainTable" xsi:type="string">meetanshi_facebook_feed_report</argument>
            <argument name="eventPrefix" xsi:type="string">facebook_report_collection</argument>
            <argument name="eventObject" xsi:type="string">facebook_report_collection</argument>
            <argument name="resourceModel" xsi:type="string">Meetanshi\FaceBookShop\Model\ResourceModel\Report
            </argument>
        </arguments>
    </type>

</config>