<?xml version="1.0"?>
<!--~
  ~ @category  Robo
  ~ @author    Rihards Stasans <torengo120@gmail.com>
  ~ @license   http://opensource.org/licenses/OSL-3.0 The Open Software License 3.0 (OSL-3.0)
  -->
<config xmlns:xsi="http://www.w3.org/2001/XMLSchema-instance" xsi:noNamespaceSchemaLocation="urn:magento:framework:ObjectManager/etc/config.xsd">
    <type name="Magento\QuoteGraphQl\Model\Cart\Payment\AdditionalDataProviderPool">
        <arguments>
            <argument name="dataProviders" xsi:type="array">
                <item name="amazon_payment" xsi:type="object">Robo\AmazonPay\Model\AmazonPayDataProvider</item>
            </argument>
        </arguments>
    </type>
</config>
