<?xml version="1.0"?>
<config xmlns:xsi="http://www.w3.org/2001/XMLSchema-instance" xsi:noNamespaceSchemaLocation="urn:magento:framework:Acl/etc/acl.xsd">
    <acl>
        <resources>
            <resource id="Magento_Backend::admin">
                <resource id="Magento_Backend::stores">
                    <resource id="Magento_Backend::stores_settings">
                        <resource id="Magento_Config::config">
                            <resource id="WeltPixel_AdvanceCategorySorting::AdvanceCategorySortingSettings" title="WeltPixel Category Sorting" sortOrder="290" />
                        </resource>
                    </resource>
                </resource>
                <resource id="WeltPixel_Backend::WeltPixel" >
                    <resource id="WeltPixel_AdvanceCategorySorting::AdvanceCategorySorting_Label" sortOrder="90" title="Category Sorting" >
                        <resource id="WeltPixel_AdvanceCategorySorting::AdvanceCategorySorting" sortOrder="10" title="Category Sorting Settings" />
                    </resource>
                </resource>
            </resource>
        </resources>
    </acl>
</config>